<?xml version="1.0" encoding="utf-8"?>
<rcross_track version="1.1" formula="0" circuit="1" bkg="skyblue.tga">
	<surf id="0" grip="1.1875" roll="0" rough="0"/>
	<surf id="def" grip="1.0" roll="0.1875" rough="1"/>
	<gate coords="618 714 618 733"/>
	<gate coords="379 731 369 749"/>
	<gate coords="445 565 450 582"/>
	<gate coords="587 618 600 637"/>
	<gate coords="497 476 497 495"/>
	<gate coords="302 628 282 650"/>
	<gate coords="447 470 421 486"/>
	<gate coords="343 498 314 513"/>
	<gate coords="492 395 510 404"/>
	<gate coords="488 291 507 320"/>
	<gate coords="616 470 601 484"/>
	<gate coords="693 498 681 508"/>
	<gate coords="671 614 659 626"/>
	<gate coords="779 598 774 616"/>
	<gate coords="802 672 817 673"/>
	<gate coords="735 719 735 735"/>
</rcross_track>

