<?xml version="1.0" encoding="utf-8"?>
<rcross_track version="1.1" formula="2" circuit="1" bkg="skyblue.tga">
	<surf id="0" grip="1.1875" roll="0" rough="0"/>
	<surf id="def" grip="1.0" roll="0.1875" rough="1"/>
	<gate coords="608 564 588 561"/>
	<gate coords="619 478 594 487"/>
	<gate coords="393 378 406 395"/>
	<gate coords="484 581 477 607"/>
	<gate coords="525 546 502 556"/>
	<gate coords="426 403 439 422"/>
	<gate coords="590 540 566 541"/>
	<gate coords="555 638 550 663"/>
</rcross_track>

