<?xml version="1.0" encoding="utf-8"?>
<rcross_track version="1.1" formula="0" circuit="0" bkg="skyblue.tga">
	<surf id="0" grip="1.1875" roll="0" rough="0"/>
	<surf id="def" grip="1.0" roll="0.1875" rough="1"/>
	<gate coords="679 583 665 574"/>
	<gate coords="877 330 859 341"/>
	<gate coords="659 446 670 455"/>
	<gate coords="529 808 529 825"/>
	<gate coords="586 564 571 577"/>
	<gate coords="429 729 443 742"/>
	<gate coords="170 732 187 732"/>
	<gate coords="349 620 364 634"/>
	<gate coords="572 310 558 299"/>
</rcross_track>

