<?xml version="1.0" encoding="utf-8"?>
<rcross_track version="1.1" formula="0" circuit="1" bkg="skyblue.tga">
	<surf id="0" grip="1.1875" roll="0" rough="0"/>
	<surf id="def" grip="1.0" roll="0.1875" rough="1"/>
	<gate coords="780 339 799 354"/>
	<gate coords="661 403 651 426"/>
	<gate coords="538 318 551 332"/>
	<gate coords="588 484 614 484"/>
	<gate coords="481 626 506 626"/>
	<gate coords="530 680 551 680"/>
	<gate coords="272 606 291 606"/>
	<gate coords="419 385 416 406"/>
	<gate coords="411 506 399 518"/>
	<gate coords="457 380 473 395"/>
	<gate coords="313 607 336 607"/>
	<gate coords="452 618 462 632"/>
	<gate coords="533 483 554 487"/>
	<gate coords="422 230 440 242"/>
	<gate coords="721 361 737 372"/>
	<gate coords="639 250 666 250"/>
	<gate coords="845 259 821 269"/>
</rcross_track>

