<?xml version="1.0" encoding="utf-8"?>
<rcross_track version="1.1" formula="2" circuit="1" bkg="skyblue.tga">
	<surf id="0" grip="1.1875" roll="0" rough="0"/>
	<surf id="def" grip="1.0" roll="0.1875" rough="1"/>
	<gate coords="575 750 559 759"/>
	<gate coords="602 535 580 554"/>
	<gate coords="443 525 464 525"/>
	<gate coords="527 474 553 474"/>
	<gate coords="254 361 277 361"/>
	<gate coords="792 557 816 557"/>
	<gate coords="620 638 582 647"/>
	<gate coords="802 621 786 637"/>
	<gate coords="641 812 643 837"/>
</rcross_track>

