<?xml version="1.0" encoding="utf-8"?>
<rcross_track version="1.1" formula="1" circuit="0" bkg="skyblack.tga">
	<surf id="0" grip="1.1875" roll="0" rough="0"/>
	<surf id="def" grip="1.0" roll="0.1875" rough="1"/>
	<gate coords="255 615 236 615"/>
	<gate coords="238 559 254 574"/>
	<gate coords="301 497 301 521"/>
	<gate coords="355 752 342 763"/>
	<gate coords="488 835 473 858"/>
	<gate coords="594 778 615 778"/>
	<gate coords="538 614 526 623"/>
	<gate coords="473 461 485 474"/>
	<gate coords="590 487 577 502"/>
	<gate coords="629 465 648 465"/>
	<gate coords="594 389 584 410"/>
	<gate coords="494 370 468 383"/>
	<gate coords="440 262 419 263"/>
	<gate coords="455 191 433 188"/>
</rcross_track>

