<?xml version="1.0" encoding="utf-8"?>
<rcross_track version="1.1" formula="1" circuit="1" bkg="skyblack.tga">
	<surf id="0" grip="1.1875" roll="0" rough="0"/>
	<surf id="def" grip="1.0" roll="0.1875" rough="1"/>
	<gate coords="492 419 465 419"/>
	<gate coords="489 226 505 239"/>
	<gate coords="755 188 738 208"/>
	<gate coords="742 339 755 356"/>
	<gate coords="569 358 569 380"/>
	<gate coords="432 353 432 374"/>
	<gate coords="219 455 237 473"/>
	<gate coords="249 608 232 623"/>
	<gate coords="408 675 424 698"/>
	<gate coords="530 557 499 559"/>
</rcross_track>

