<?xml version="1.0" encoding="utf-8"?>
<rcross_track version="1.1" formula="1" circuit="0" bkg="skyblue.tga">
	<surf id="0" grip="1.1875" roll="0" rough="0"/>
	<surf id="def" grip="1.0" roll="0.1875" rough="1"/>
	<gate coords="782 758 764 765"/>
	<gate coords="722 655 722 670"/>
	<gate coords="664 665 651 682"/>
	<gate coords="597 551 618 551"/>
	<gate coords="768 338 785 338"/>
	<gate coords="752 308 772 310"/>
	<gate coords="680 182 680 200"/>
	<gate coords="575 227 569 249"/>
	<gate coords="549 196 548 214"/>
	<gate coords="504 216 520 229"/>
	<gate coords="467 458 481 474"/>
	<gate coords="400 465 414 482"/>
	<gate coords="290 689 301 708"/>
	<gate coords="179 740 192 757"/>
</rcross_track>

