<?xml version="1.0" encoding="utf-8"?>
<rcross_track version="1.1" formula="1" circuit="1" bkg="skyblue.tga">
	<surf id="0" grip="1.1875" roll="0" rough="0"/>
	<surf id="def" grip="1.0" roll="0.1875" rough="1"/>
	<gate coords="520 619 520 581"/>
	<gate coords="792 581 792 619"/>
	<gate coords="877 481 915 481"/>
	<gate coords="792 345 792 383"/>
	<gate coords="520 417 520 455"/>
	<gate coords="258 344 258 382"/>
	<gate coords="123 481 161 481"/>
	<gate coords="255 581 255 619"/>
</rcross_track>

