<?xml version="1.0" encoding="utf-8"?>
<rcross_track version="1.1" formula="1" circuit="1" bkg="skyblue.tga">
	<surf id="0" grip="1.1875" roll="0" rough="0"/>
	<surf id="def" grip="1.0" roll="0.1875" rough="1"/>
	<gate coords="386 495 412 495"/>
	<gate coords="421 622 403 644"/>
	<gate coords="595 617 567 619"/>
	<gate coords="516 594 496 616"/>
	<gate coords="483 498 483 526"/>
	<gate coords="450 594 450 623"/>
	<gate coords="433 436 449 462"/>
	<gate coords="540 505 515 530"/>
	<gate coords="613 505 644 511"/>
	<gate coords="408 368 424 392"/>
</rcross_track>

