{
"companyName": "IDnet",
"productName": "Slope",
"dataUrl": "slope_newdata.unityweb",
"wasmCodeUrl": "slope_newwasmcode.unityweb",
"wasmFrameworkUrl": "slope_newwasmframework.unityweb",
"asmCodeUrl": "slope_newcode.unityweb",
"asmMemoryUrl": "slope_newmemory.unityweb",
"asmFrameworkUrl": "slope_newframework.unityweb",
"TOTAL_MEMORY": 268435456,
"graphicsAPI": ["WebGL 2.0", "WebGL 1.0"],
"webglContextAttributes": {"preserveDrawingBuffer": false},
"splashScreenStyle": "Dark",
"backgroundColor": "#231F20"
}